example_id,doc_id,source_split,length_bucket,sentence_count,character_count,entity_count,section_count,text_preview,first_entities
0496691c6d54fd746c111d1004349acf7654145e__sent_000069_000077,0496691c6d54fd746c111d1004349acf7654145e,dev,short,8,956,7,1,"In order to characterize c *, we first expand the set constraint on p gen into explicit equality and inequality constraints: min Notice that K (p gen) is a convex function of p gen (x) by definition, and both the equality and inequality constraints are affine functions of p gen (x). Thus, problem (2) is a convex optimization problem. What's more, since (i) dom K is open, and (ii) there exists a feasible solution p gen = p data to (3), by the refined Slater's condition [reference], page 226), we ","[{""entity_id"": ""0496691c6d54fd746c111d1004349acf7654145e__entity_000080"", ""label"": ""Task"", ""text"": ""convex optimization problem"", ""start_char"": 307, ""end_char"": 334, ""source_token_start"": 1573, ""source_token_end_exclusive"": 1576}, {""entity_id"": ""0496691c6d54fd746c111d1004349acf7654145e__entity_000081"", ""label"": ""Method"", ""text"": ""strong duality"", ""start_char"": 559, ""end_char"": 573, ""source_token_start"": 1637, ""source_token_end_exclusive"": 1639}, {""entity_id"": ""0496691c6d54fd746c111d1004349acf7654145e__entity_000082"", ""label"": ""Task"", ""text"": ""optimal solution"", ""start_char"": 616, ""end_char"": 632, ""source_token_start"": 1646, ""source_token_end_exclusive"": 1648}, {""entity_id"": ""0496691c6d54fd746c111d1004349acf7654145e__entity_000083"", ""label"": ""Method"", ""text"": ""Karush-Kuhn-Tucker"", ""start_char"": 649, ""end_char"": 667, ""source_token_start"": 1652, ""source_token_end_exclusive"": 1657}, {""entity_id"": ""0496691c6d54fd746c111d1004349acf7654145e__entity_000084"", ""label"": ""Task"", ""text"": ""convex problem"", ""start_char"": 766, ""end_char"": 780, ""source_token_start"": 1678, ""source_token_end_exclusive"": 1680}]"
0680f04750b1e257ffdd161e85382031dc73ea7f__sent_000004_000008,0680f04750b1e257ffdd161e85382031dc73ea7f,dev,short,4,506,7,2,Experimental results show that DCR achieves state-of-the-art exact match and F1 scores on the SQuAD dataset. section: Introduction Reading comprehension-based question answering (RCQA) is the task of answering a question with a chunk of text taken from related document (s). A variety of neural models have been proposed recently either for extracting a single entity or a single token as an answer from a given text; or for selecting the correct answer by ranking a small set of human-provided candi,"[{""entity_id"": ""0680f04750b1e257ffdd161e85382031dc73ea7f__entity_000014"", ""label"": ""Method"", ""text"": ""DCR"", ""start_char"": 31, ""end_char"": 34, ""source_token_start"": 142, ""source_token_end_exclusive"": 143}, {""entity_id"": ""0680f04750b1e257ffdd161e85382031dc73ea7f__entity_000015"", ""label"": ""Metric"", ""text"": ""exact match"", ""start_char"": 61, ""end_char"": 72, ""source_token_start"": 151, ""source_token_end_exclusive"": 153}, {""entity_id"": ""0680f04750b1e257ffdd161e85382031dc73ea7f__entity_000016"", ""label"": ""Metric"", ""text"": ""F1 scores"", ""start_char"": 77, ""end_char"": 86, ""source_token_start"": 154, ""source_token_end_exclusive"": 156}, {""entity_id"": ""0680f04750b1e257ffdd161e85382031dc73ea7f__entity_000017"", ""label"": ""Material"", ""text"": ""SQuAD dataset"", ""start_char"": 94, ""end_char"": 107, ""source_token_start"": 158, ""source_token_end_exclusive"": 160}, {""entity_id"": ""0680f04750b1e257ffdd161e85382031dc73ea7f__entity_000018"", ""label"": ""Task"", ""text"": ""Reading comprehension-based question answering"", ""start_char"": 131, ""end_char"": 177, ""source_token_start"": 164, ""source_token_end_exclusive"": 170}]"
0690ba31424310a90028533218d0afd25a829c8d__sent_000006_000014,0690ba31424310a90028533218d0afd25a829c8d,dev,short,8,1529,21,2,"Qualitatively, our “ DeepLab ” system is able to localize segment boundaries at a level of accuracy which is beyond previous methods. Quantitatively, our method sets the new state-of-art at the PASCAL VOC-2012 semantic image segmentation task, reaching 71.6% IOU accuracy in the test set. We show how these results can be obtained efficiently: Careful network re-purposing and a novel application of the ’ hole ’ algorithm from the wavelet community allow dense computation of neural net responses at","[{""entity_id"": ""0690ba31424310a90028533218d0afd25a829c8d__entity_000020"", ""label"": ""Method"", ""text"": ""DeepLab ” system"", ""start_char"": 21, ""end_char"": 37, ""source_token_start"": 141, ""source_token_end_exclusive"": 144}, {""entity_id"": ""0690ba31424310a90028533218d0afd25a829c8d__entity_000021"", ""label"": ""Metric"", ""text"": ""accuracy"", ""start_char"": 91, ""end_char"": 99, ""source_token_start"": 154, ""source_token_end_exclusive"": 155}, {""entity_id"": ""0690ba31424310a90028533218d0afd25a829c8d__entity_000022"", ""label"": ""Method"", ""text"": ""Careful network re-purposing"", ""start_char"": 344, ""end_char"": 372, ""source_token_start"": 204, ""source_token_end_exclusive"": 209}, {""entity_id"": ""0690ba31424310a90028533218d0afd25a829c8d__entity_000023"", ""label"": ""Method"", ""text"": ""’ hole ’ algorithm"", ""start_char"": 404, ""end_char"": 422, ""source_token_start"": 215, ""source_token_end_exclusive"": 219}, {""entity_id"": ""0690ba31424310a90028533218d0afd25a829c8d__entity_000024"", ""label"": ""Method"", ""text"": ""wavelet community"", ""start_char"": 432, ""end_char"": 449, ""source_token_start"": 221, ""source_token_end_exclusive"": 223}]"
087337fdad69caaab8ebd8ae68a731c5bf2e8b14__sent_000056_000057,087337fdad69caaab8ebd8ae68a731c5bf2e8b14,dev,short,1,208,4,1,"Fully convolutional training is rare, but used effectively by Tompson et al. to learn an end-to-end part detector and spatial model for pose estimation, although they do not exposit on or analyze this method.","[{""entity_id"": ""087337fdad69caaab8ebd8ae68a731c5bf2e8b14__entity_000114"", ""label"": ""Method"", ""text"": ""Fully convolutional training"", ""start_char"": 0, ""end_char"": 28, ""source_token_start"": 1156, ""source_token_end_exclusive"": 1159}, {""entity_id"": ""087337fdad69caaab8ebd8ae68a731c5bf2e8b14__entity_000115"", ""label"": ""Method"", ""text"": ""end-to-end part detector"", ""start_char"": 89, ""end_char"": 113, ""source_token_start"": 1173, ""source_token_end_exclusive"": 1180}, {""entity_id"": ""087337fdad69caaab8ebd8ae68a731c5bf2e8b14__entity_000116"", ""label"": ""Method"", ""text"": ""spatial model"", ""start_char"": 118, ""end_char"": 131, ""source_token_start"": 1181, ""source_token_end_exclusive"": 1183}, {""entity_id"": ""087337fdad69caaab8ebd8ae68a731c5bf2e8b14__entity_000117"", ""label"": ""Task"", ""text"": ""pose estimation"", ""start_char"": 136, ""end_char"": 151, ""source_token_start"": 1184, ""source_token_end_exclusive"": 1186}]"
088b649415378c4dde666f614ba24d08a36b6652__sent_000014_000018,088b649415378c4dde666f614ba24d08a36b6652,dev,short,4,507,5,1,"Ideally, such a system should be robust, open-domain, and degrade gracefully in the presence of semantic representations which may be incomplete, inaccurate, or incomprehensible. It would also be desirable to simulate the behavior of English speakers who process text sequentially, from left to right, fixating nearly every word while they read and creating partial representations for sentence prefixes. Language modeling tools such as recurrent neural networks (RNN) bode well with human reading be","[{""entity_id"": ""088b649415378c4dde666f614ba24d08a36b6652__entity_000025"", ""label"": ""Method"", ""text"": ""semantic representations"", ""start_char"": 96, ""end_char"": 120, ""source_token_start"": 334, ""source_token_end_exclusive"": 336}, {""entity_id"": ""088b649415378c4dde666f614ba24d08a36b6652__entity_000026"", ""label"": ""Method"", ""text"": ""partial representations"", ""start_char"": 358, ""end_char"": 381, ""source_token_start"": 377, ""source_token_end_exclusive"": 379}, {""entity_id"": ""088b649415378c4dde666f614ba24d08a36b6652__entity_000027"", ""label"": ""Method"", ""text"": ""Language modeling tools"", ""start_char"": 405, ""end_char"": 428, ""source_token_start"": 383, ""source_token_end_exclusive"": 386}, {""entity_id"": ""088b649415378c4dde666f614ba24d08a36b6652__entity_000028"", ""label"": ""Method"", ""text"": ""recurrent neural networks"", ""start_char"": 437, ""end_char"": 462, ""source_token_start"": 388, ""source_token_end_exclusive"": 391}, {""entity_id"": ""088b649415378c4dde666f614ba24d08a36b6652__entity_000029"", ""label"": ""Method"", ""text"": ""RNN"", ""start_char"": 464, ""end_char"": 467, ""source_token_start"": 392, ""source_token_end_exclusive"": 393}]"
097851f362667a599208f4a06fa289dac2e91fbe__sent_000163_000165,097851f362667a599208f4a06fa289dac2e91fbe,dev,short,2,100,0,2,This aspect is not considered in the paper and is left for future investigation. section: Conclusion,[]
0b0dc14b8a8dcccbfc62a38355fff2f6a361e9d2__sent_000000_000004,0b0dc14b8a8dcccbfc62a38355fff2f6a361e9d2,dev,short,4,467,4,1,"document: Effective LSTMs for Target-Dependent Sentiment Classification Target-dependent sentiment classification remains a challenge: modeling the semantic relatedness of a target with its context words in a sentence. Different context words have different influences on determining the sentiment polarity of a sentence towards the target. Therefore, it is desirable to integrate the connections between target word and context words when building a learning system.","[{""entity_id"": ""0b0dc14b8a8dcccbfc62a38355fff2f6a361e9d2__entity_000000"", ""label"": ""Method"", ""text"": ""LSTMs"", ""start_char"": 20, ""end_char"": 25, ""source_token_start"": 3, ""source_token_end_exclusive"": 4}, {""entity_id"": ""0b0dc14b8a8dcccbfc62a38355fff2f6a361e9d2__entity_000001"", ""label"": ""Task"", ""text"": ""Target-Dependent Sentiment Classification"", ""start_char"": 30, ""end_char"": 71, ""source_token_start"": 5, ""source_token_end_exclusive"": 10}, {""entity_id"": ""0b0dc14b8a8dcccbfc62a38355fff2f6a361e9d2__entity_000002"", ""label"": ""Task"", ""text"": ""Target-dependent sentiment classification"", ""start_char"": 72, ""end_char"": 113, ""source_token_start"": 10, ""source_token_end_exclusive"": 15}, {""entity_id"": ""0b0dc14b8a8dcccbfc62a38355fff2f6a361e9d2__entity_000003"", ""label"": ""Method"", ""text"": ""learning system"", ""start_char"": 451, ""end_char"": 466, ""source_token_start"": 70, ""source_token_end_exclusive"": 72}]"
0c5c93594647d77dcbad5f3ed71139b186a23a3c__sent_000002_000005,0c5c93594647d77dcbad5f3ed71139b186a23a3c,dev,short,3,652,13,1,"Neural Machine Translation (NMT) has obtained state-of-the art performance for several language pairs, while only using parallel data for training. Targetside monolingual data plays an important role in boosting fluency for phrasebased statistical machine translation, and we investigate the use of monolingual data for NMT. In contrast to previous work, which combines NMT models with separately trained language models, we note that encoder-decoder NMT architectures already have the capacity to le","[{""entity_id"": ""0c5c93594647d77dcbad5f3ed71139b186a23a3c__entity_000002"", ""label"": ""Task"", ""text"": ""Neural Machine Translation"", ""start_char"": 0, ""end_char"": 26, ""source_token_start"": 11, ""source_token_end_exclusive"": 14}, {""entity_id"": ""0c5c93594647d77dcbad5f3ed71139b186a23a3c__entity_000003"", ""label"": ""Task"", ""text"": ""NMT)"", ""start_char"": 28, ""end_char"": 32, ""source_token_start"": 15, ""source_token_end_exclusive"": 17}, {""entity_id"": ""0c5c93594647d77dcbad5f3ed71139b186a23a3c__entity_000004"", ""label"": ""Method"", ""text"": ""monolingual data"", ""start_char"": 159, ""end_char"": 175, ""source_token_start"": 40, ""source_token_end_exclusive"": 42}, {""entity_id"": ""0c5c93594647d77dcbad5f3ed71139b186a23a3c__entity_000005"", ""label"": ""Task"", ""text"": ""boosting fluency"", ""start_char"": 203, ""end_char"": 219, ""source_token_start"": 47, ""source_token_end_exclusive"": 49}, {""entity_id"": ""0c5c93594647d77dcbad5f3ed71139b186a23a3c__entity_000006"", ""label"": ""Task"", ""text"": ""phrasebased statistical machine translation"", ""start_char"": 224, ""end_char"": 267, ""source_token_start"": 50, ""source_token_end_exclusive"": 54}]"
007ff2ca5f297b04636699ce4d01ca6d6f21dc77__sent_000117_000140,007ff2ca5f297b04636699ce4d01ca6d6f21dc77,dev,medium,23,2483,42,3,"Where the results of ESIM and aESIM are implemented by ourselves on Keras, the results of the others are taken from their original publications. We then compare the baseline models, CBOW, Bi-LSTM with ESIM and our aESIM on MultiNLI corpus shown In Table [reference], where the results of the baselines are taken from. Finally, we compare several types of CNN and RNN models on Quroa corpus shown in Table [reference], the results of theses CNN and RNN models are taken from. The accuracy (ACC) of eac","[{""entity_id"": ""007ff2ca5f297b04636699ce4d01ca6d6f21dc77__entity_000203"", ""label"": ""Method"", ""text"": ""ESIM"", ""start_char"": 21, ""end_char"": 25, ""source_token_start"": 2626, ""source_token_end_exclusive"": 2627}, {""entity_id"": ""007ff2ca5f297b04636699ce4d01ca6d6f21dc77__entity_000204"", ""label"": ""Method"", ""text"": ""aESIM"", ""start_char"": 30, ""end_char"": 35, ""source_token_start"": 2628, ""source_token_end_exclusive"": 2629}, {""entity_id"": ""007ff2ca5f297b04636699ce4d01ca6d6f21dc77__entity_000205"", ""label"": ""Method"", ""text"": ""Keras"", ""start_char"": 68, ""end_char"": 73, ""source_token_start"": 2634, ""source_token_end_exclusive"": 2635}, {""entity_id"": ""007ff2ca5f297b04636699ce4d01ca6d6f21dc77__entity_000206"", ""label"": ""Method"", ""text"": ""CBOW"", ""start_char"": 182, ""end_char"": 186, ""source_token_start"": 2655, ""source_token_end_exclusive"": 2656}, {""entity_id"": ""007ff2ca5f297b04636699ce4d01ca6d6f21dc77__entity_000207"", ""label"": ""Method"", ""text"": ""Bi-LSTM"", ""start_char"": 188, ""end_char"": 195, ""source_token_start"": 2657, ""source_token_end_exclusive"": 2660}]"
027d6c52be01b583b9a0d9eb8c9364c6b701c656__sent_000005_000033,027d6c52be01b583b9a0d9eb8c9364c6b701c656,dev,medium,28,3604,50,3,"Second, proceed from the first to the final layer, normalizing the variance of the output of each layer to be equal to one. Experiment with different activation functions (maxout, ReLU-family, tanh) show that the proposed initialization leads to learning of very deep nets that (i) produces networks with test accuracy better or equal to standard methods and (ii) is at least as fast as the complex schemes proposed specifically for very deep nets such as FitNets () and Highway (). Performance is ev","[{""entity_id"": ""027d6c52be01b583b9a0d9eb8c9364c6b701c656__entity_000004"", ""label"": ""Method"", ""text"": ""ReLU-family"", ""start_char"": 180, ""end_char"": 191, ""source_token_start"": 94, ""source_token_end_exclusive"": 97}, {""entity_id"": ""027d6c52be01b583b9a0d9eb8c9364c6b701c656__entity_000005"", ""label"": ""Method"", ""text"": ""tanh"", ""start_char"": 193, ""end_char"": 197, ""source_token_start"": 98, ""source_token_end_exclusive"": 99}, {""entity_id"": ""027d6c52be01b583b9a0d9eb8c9364c6b701c656__entity_000006"", ""label"": ""Task"", ""text"": ""learning of very deep nets"", ""start_char"": 246, ""end_char"": 272, ""source_token_start"": 107, ""source_token_end_exclusive"": 112}, {""entity_id"": ""027d6c52be01b583b9a0d9eb8c9364c6b701c656__entity_000007"", ""label"": ""Metric"", ""text"": ""test accuracy"", ""start_char"": 305, ""end_char"": 318, ""source_token_start"": 119, ""source_token_end_exclusive"": 121}, {""entity_id"": ""027d6c52be01b583b9a0d9eb8c9364c6b701c656__entity_000008"", ""label"": ""Task"", ""text"": ""very deep nets"", ""start_char"": 433, ""end_char"": 447, ""source_token_start"": 143, ""source_token_end_exclusive"": 146}]"
07a9478e87a8304fc3267fa16e83e9f3bbd98b27__sent_000019_000041,07a9478e87a8304fc3267fa16e83e9f3bbd98b27,dev,medium,22,2596,25,4,"We leverage this intuition to build a simpler and more lightweight approach to NLI within a neural framework; with considerably fewer parameters, our model outperforms more complex existing neural architectures. In contrast to existing approaches, our approach only relies on alignment and is fully computationally decomposable with respect to the input text. An overview of our approach is given in Figure [reference]. Given two sentences, where each word is represented by an embedding vector, we f","[{""entity_id"": ""07a9478e87a8304fc3267fa16e83e9f3bbd98b27__entity_000022"", ""label"": ""Task"", ""text"": ""NLI"", ""start_char"": 79, ""end_char"": 82, ""source_token_start"": 430, ""source_token_end_exclusive"": 431}, {""entity_id"": ""07a9478e87a8304fc3267fa16e83e9f3bbd98b27__entity_000023"", ""label"": ""Method"", ""text"": ""neural framework"", ""start_char"": 92, ""end_char"": 108, ""source_token_start"": 433, ""source_token_end_exclusive"": 435}, {""entity_id"": ""07a9478e87a8304fc3267fa16e83e9f3bbd98b27__entity_000024"", ""label"": ""Method"", ""text"": ""neural architectures"", ""start_char"": 190, ""end_char"": 210, ""source_token_start"": 447, ""source_token_end_exclusive"": 449}, {""entity_id"": ""07a9478e87a8304fc3267fa16e83e9f3bbd98b27__entity_000025"", ""label"": ""Method"", ""text"": ""alignment"", ""start_char"": 276, ""end_char"": 285, ""source_token_start"": 461, ""source_token_end_exclusive"": 462}, {""entity_id"": ""07a9478e87a8304fc3267fa16e83e9f3bbd98b27__entity_000026"", ""label"": ""Method"", ""text"": ""neural attention"", ""start_char"": 542, ""end_char"": 558, ""source_token_start"": 509, ""source_token_end_exclusive"": 511}]"
087337fdad69caaab8ebd8ae68a731c5bf2e8b14__sent_000278_000311,087337fdad69caaab8ebd8ae68a731c5bf2e8b14,dev,medium,33,3693,52,2,"The softmax operation induces competition between classes and promotes the most confident prediction, but it is not clear that this is necessary or helpful. For comparison, we train with the sigmoid cross-entropy loss and find that it gives similar results, even though it normalizes each class prediction independently. Patch sampling As explained in Section [reference], our whole image training effectively batches each image into a regular grid of large, overlapping patches. By contrast, prior w","[{""entity_id"": ""087337fdad69caaab8ebd8ae68a731c5bf2e8b14__entity_000442"", ""label"": ""Method"", ""text"": ""softmax operation"", ""start_char"": 4, ""end_char"": 21, ""source_token_start"": 5641, ""source_token_end_exclusive"": 5643}, {""entity_id"": ""087337fdad69caaab8ebd8ae68a731c5bf2e8b14__entity_000443"", ""label"": ""Method"", ""text"": ""sigmoid cross-entropy loss"", ""start_char"": 191, ""end_char"": 217, ""source_token_start"": 5673, ""source_token_end_exclusive"": 5678}, {""entity_id"": ""087337fdad69caaab8ebd8ae68a731c5bf2e8b14__entity_000444"", ""label"": ""Method"", ""text"": ""class prediction"", ""start_char"": 289, ""end_char"": 305, ""source_token_start"": 5691, ""source_token_end_exclusive"": 5693}, {""entity_id"": ""087337fdad69caaab8ebd8ae68a731c5bf2e8b14__entity_000445"", ""label"": ""Method"", ""text"": ""Patch sampling"", ""start_char"": 321, ""end_char"": 335, ""source_token_start"": 5695, ""source_token_end_exclusive"": 5697}, {""entity_id"": ""087337fdad69caaab8ebd8ae68a731c5bf2e8b14__entity_000446"", ""label"": ""Task"", ""text"": ""image training"", ""start_char"": 383, ""end_char"": 397, ""source_token_start"": 5707, ""source_token_end_exclusive"": 5709}]"
0910a4c470a410fac446f4026f7c8ef512ae7427__sent_000035_000071,0910a4c470a410fac446f4026f7c8ef512ae7427,dev,medium,36,4088,57,3,"For each level of the question representation in this hierarchy, we construct joint question and image co-attention maps, which are then combined recursively to ultimately predict a distribution over the answers. Overall, the main contributions of our work are: We propose a novel co-attention mechanism for VQA that jointly performs question-guided visual attention and image-guided question attention. We explore this mechanism with two strategies, parallel and alternating co-attention, which are ","[{""entity_id"": ""0910a4c470a410fac446f4026f7c8ef512ae7427__entity_000045"", ""label"": ""Method"", ""text"": ""question representation"", ""start_char"": 22, ""end_char"": 45, ""source_token_start"": 660, ""source_token_end_exclusive"": 662}, {""entity_id"": ""0910a4c470a410fac446f4026f7c8ef512ae7427__entity_000046"", ""label"": ""Method"", ""text"": ""co-attention mechanism"", ""start_char"": 281, ""end_char"": 303, ""source_token_start"": 705, ""source_token_end_exclusive"": 709}, {""entity_id"": ""0910a4c470a410fac446f4026f7c8ef512ae7427__entity_000047"", ""label"": ""Task"", ""text"": ""VQA"", ""start_char"": 308, ""end_char"": 311, ""source_token_start"": 710, ""source_token_end_exclusive"": 711}, {""entity_id"": ""0910a4c470a410fac446f4026f7c8ef512ae7427__entity_000048"", ""label"": ""Task"", ""text"": ""question-guided visual attention"", ""start_char"": 334, ""end_char"": 366, ""source_token_start"": 714, ""source_token_end_exclusive"": 719}, {""entity_id"": ""0910a4c470a410fac446f4026f7c8ef512ae7427__entity_000049"", ""label"": ""Task"", ""text"": ""image-guided question attention"", ""start_char"": 371, ""end_char"": 402, ""source_token_start"": 720, ""source_token_end_exclusive"": 725}]"
097851f362667a599208f4a06fa289dac2e91fbe__sent_000104_000137,097851f362667a599208f4a06fa289dac2e91fbe,dev,medium,33,4161,36,2,"Finally, the bases in are limited to have unit norm to avoid degenerate solutions (line 13). This procedure is repeated until a stop condition is met; in our experiments, the training stops when the relative decrement error between epochs is small (). When updating the system parameters, we assume that does not depend on, thus; we carried out experiments that show that this approximation does not significantly influence the gradient descent convergence nor the quality of the minimization. Moreov","[{""entity_id"": ""097851f362667a599208f4a06fa289dac2e91fbe__entity_000108"", ""label"": ""Metric"", ""text"": ""relative decrement error"", ""start_char"": 199, ""end_char"": 223, ""source_token_start"": 2373, ""source_token_end_exclusive"": 2376}, {""entity_id"": ""097851f362667a599208f4a06fa289dac2e91fbe__entity_000109"", ""label"": ""Metric"", ""text"": ""gradient descent convergence"", ""start_char"": 428, ""end_char"": 456, ""source_token_start"": 2413, ""source_token_end_exclusive"": 2416}, {""entity_id"": ""097851f362667a599208f4a06fa289dac2e91fbe__entity_000110"", ""label"": ""Metric"", ""text"": ""quality"", ""start_char"": 465, ""end_char"": 472, ""source_token_start"": 2418, ""source_token_end_exclusive"": 2419}, {""entity_id"": ""097851f362667a599208f4a06fa289dac2e91fbe__entity_000111"", ""label"": ""Task"", ""text"": ""minimization"", ""start_char"": 480, ""end_char"": 492, ""source_token_start"": 2421, ""source_token_end_exclusive"": 2422}, {""entity_id"": ""097851f362667a599208f4a06fa289dac2e91fbe__entity_000112"", ""label"": ""Method"", ""text"": ""mini-batch vSGD"", ""start_char"": 628, ""end_char"": 643, ""source_token_start"": 2446, ""source_token_end_exclusive"": 2450}]"
0b4b6932d5df74b366d9235b40334bc40d719c72__sent_000015_000062,0b4b6932d5df74b366d9235b40334bc40d719c72,dev,medium,47,3583,39,3,"If we compare the ensemble prediction to the current output of the network being trained, the ensemble prediction is likely to be closer to the correct, unknown labels of the unlabeled inputs. Therefore the labels inferred this way can be used as training targets for the unlabeled inputs. Our method relies heavily on dropout regularization and versatile input augmentation. Indeed, without neither, there would be much less reason to place confidence in whatever labels are inferred for the unlabel","[{""entity_id"": ""0b4b6932d5df74b366d9235b40334bc40d719c72__entity_000026"", ""label"": ""Method"", ""text"": ""ensemble prediction"", ""start_char"": 18, ""end_char"": 37, ""source_token_start"": 427, ""source_token_end_exclusive"": 429}, {""entity_id"": ""0b4b6932d5df74b366d9235b40334bc40d719c72__entity_000027"", ""label"": ""Task"", ""text"": ""ensemble prediction"", ""start_char"": 94, ""end_char"": 113, ""source_token_start"": 440, ""source_token_end_exclusive"": 442}, {""entity_id"": ""0b4b6932d5df74b366d9235b40334bc40d719c72__entity_000028"", ""label"": ""Method"", ""text"": ""dropout regularization"", ""start_char"": 319, ""end_char"": 341, ""source_token_start"": 480, ""source_token_end_exclusive"": 482}, {""entity_id"": ""0b4b6932d5df74b366d9235b40334bc40d719c72__entity_000029"", ""label"": ""Method"", ""text"": ""versatile input augmentation"", ""start_char"": 346, ""end_char"": 374, ""source_token_start"": 483, ""source_token_end_exclusive"": 486}, {""entity_id"": ""0b4b6932d5df74b366d9235b40334bc40d719c72__entity_000030"", ""label"": ""Method"", ""text"": ""self-ensembling"", ""start_char"": 552, ""end_char"": 567, ""source_token_start"": 518, ""source_token_end_exclusive"": 521}]"
0c5c93594647d77dcbad5f3ed71139b186a23a3c__sent_000006_000025,0c5c93594647d77dcbad5f3ed71139b186a23a3c,dev,medium,19,2417,35,2,"(+ 2.8-3.7 BLEU), and for the low-resourced IWSLT 14 task Turkish→English (+ 2.1-3.4 BLEU), obtaining new state-of-the-art results. We also show that fine-tuning on in-domain monolingual and parallel data gives substantial improvements for the IWSLT 15 task English→German. section: Introduction Neural Machine Translation (NMT) has obtained state-of-the art performance for several language pairs, while only using parallel data for training. Target-side monolingual data plays an important role in ","[{""entity_id"": ""0c5c93594647d77dcbad5f3ed71139b186a23a3c__entity_000017"", ""label"": ""Metric"", ""text"": ""BLEU"", ""start_char"": 11, ""end_char"": 15, ""source_token_start"": 156, ""source_token_end_exclusive"": 157}, {""entity_id"": ""0c5c93594647d77dcbad5f3ed71139b186a23a3c__entity_000018"", ""label"": ""Task"", ""text"": ""low-resourced IWSLT 14 task Turkish→English"", ""start_char"": 30, ""end_char"": 73, ""source_token_start"": 162, ""source_token_end_exclusive"": 169}, {""entity_id"": ""0c5c93594647d77dcbad5f3ed71139b186a23a3c__entity_000019"", ""label"": ""Metric"", ""text"": ""BLEU"", ""start_char"": 85, ""end_char"": 89, ""source_token_start"": 174, ""source_token_end_exclusive"": 175}, {""entity_id"": ""0c5c93594647d77dcbad5f3ed71139b186a23a3c__entity_000020"", ""label"": ""Method"", ""text"": ""monolingual"", ""start_char"": 175, ""end_char"": 186, ""source_token_start"": 199, ""source_token_end_exclusive"": 200}, {""entity_id"": ""0c5c93594647d77dcbad5f3ed71139b186a23a3c__entity_000021"", ""label"": ""Task"", ""text"": ""IWSLT 15 task English→German"", ""start_char"": 244, ""end_char"": 272, ""source_token_start"": 208, ""source_token_end_exclusive"": 212}]"
007ff2ca5f297b04636699ce4d01ca6d6f21dc77__sent_000010_000128,007ff2ca5f297b04636699ce4d01ca6d6f21dc77,dev,long,118,14851,223,9,"Natural language inference (NLI) is an important and significant task in natural language processing (NLP). It concerns whether a hypothesis can be inferred from a premise, requiring understanding of the semantic similarity between the hypothesis and the premise to discriminate their relation. Table [reference] shows several samples of natural language inference from SNLI (Stanford Natural Language Inference) corpus. In the literature, the task of NLI is usually viewed as a relation classificati","[{""entity_id"": ""007ff2ca5f297b04636699ce4d01ca6d6f21dc77__entity_000016"", ""label"": ""Task"", ""text"": ""Natural language inference"", ""start_char"": 0, ""end_char"": 26, ""source_token_start"": 140, ""source_token_end_exclusive"": 143}, {""entity_id"": ""007ff2ca5f297b04636699ce4d01ca6d6f21dc77__entity_000017"", ""label"": ""Task"", ""text"": ""NLI)"", ""start_char"": 28, ""end_char"": 32, ""source_token_start"": 144, ""source_token_end_exclusive"": 146}, {""entity_id"": ""007ff2ca5f297b04636699ce4d01ca6d6f21dc77__entity_000018"", ""label"": ""Task"", ""text"": ""natural language processing (NLP)"", ""start_char"": 73, ""end_char"": 106, ""source_token_start"": 153, ""source_token_end_exclusive"": 159}, {""entity_id"": ""007ff2ca5f297b04636699ce4d01ca6d6f21dc77__entity_000019"", ""label"": ""Task"", ""text"": ""natural language inference"", ""start_char"": 338, ""end_char"": 364, ""source_token_start"": 197, ""source_token_end_exclusive"": 200}, {""entity_id"": ""007ff2ca5f297b04636699ce4d01ca6d6f21dc77__entity_000020"", ""label"": ""Task"", ""text"": ""NLI"", ""start_char"": 452, ""end_char"": 455, ""source_token_start"": 217, ""source_token_end_exclusive"": 218}]"
027d6c52be01b583b9a0d9eb8c9364c6b701c656__sent_000065_000152,027d6c52be01b583b9a0d9eb8c9364c6b701c656,dev,long,87,9569,163,12,"WL/⁢Var (BL) The LSUV algorithm is summarized in Algorithm [reference]. The single parameter influences convergence of the initialization procedure, not the properties of the trained network. Its value does not noticeably influence the performance in a broad range of 0.01 to 0.1. Because of data variations, it is often not possible to normalize variance with the desired precision. To eliminate the possibility of an infinite loop, we restricted number of trials to. However, in experiments describ","[{""entity_id"": ""027d6c52be01b583b9a0d9eb8c9364c6b701c656__entity_000091"", ""label"": ""Method"", ""text"": ""initialization procedure"", ""start_char"": 123, ""end_char"": 147, ""source_token_start"": 1425, ""source_token_end_exclusive"": 1427}, {""entity_id"": ""027d6c52be01b583b9a0d9eb8c9364c6b701c656__entity_000092"", ""label"": ""Method"", ""text"": ""trained network"", ""start_char"": 175, ""end_char"": 190, ""source_token_start"": 1433, ""source_token_end_exclusive"": 1435}, {""entity_id"": ""027d6c52be01b583b9a0d9eb8c9364c6b701c656__entity_000093"", ""label"": ""Metric"", ""text"": ""precision"", ""start_char"": 373, ""end_char"": 382, ""source_token_start"": 1469, ""source_token_end_exclusive"": 1470}, {""entity_id"": ""027d6c52be01b583b9a0d9eb8c9364c6b701c656__entity_000094"", ""label"": ""Method"", ""text"": ""feed-forward nets"", ""start_char"": 769, ""end_char"": 786, ""source_token_start"": 1540, ""source_token_end_exclusive"": 1544}, {""entity_id"": ""027d6c52be01b583b9a0d9eb8c9364c6b701c656__entity_000095"", ""label"": ""Method"", ""text"": ""maxout ("", ""start_char"": 853, ""end_char"": 861, ""source_token_start"": 1555, ""source_token_end_exclusive"": 1557}]"
07a9478e87a8304fc3267fa16e83e9f3bbd98b27__sent_000074_000131,07a9478e87a8304fc3267fa16e83e9f3bbd98b27,dev,long,57,5933,53,7,"Recall that denotes embedding dimension and means sentence length. For simplicity we assume that all hidden dimensions are and that the complexity of matrix ()-vector () multiplication is. A key assumption of our analysis is that, which we believe is reasonable and is true of the SNLI dataset where, whereas recent LSTM-based approaches have used. This assumption allows us to bound the complexity of computing the attention weights. paragraph: Complexity of LSTMs. The complexity of an LSTM cell is","[{""entity_id"": ""07a9478e87a8304fc3267fa16e83e9f3bbd98b27__entity_000067"", ""label"": ""Method"", ""text"": ""matrix ()-vector () multiplication"", ""start_char"": 150, ""end_char"": 184, ""source_token_start"": 1456, ""source_token_end_exclusive"": 1464}, {""entity_id"": ""07a9478e87a8304fc3267fa16e83e9f3bbd98b27__entity_000068"", ""label"": ""Material"", ""text"": ""SNLI dataset"", ""start_char"": 281, ""end_char"": 293, ""source_token_start"": 1485, ""source_token_end_exclusive"": 1487}, {""entity_id"": ""07a9478e87a8304fc3267fa16e83e9f3bbd98b27__entity_000069"", ""label"": ""Method"", ""text"": ""LSTM-based approaches"", ""start_char"": 316, ""end_char"": 337, ""source_token_start"": 1491, ""source_token_end_exclusive"": 1495}, {""entity_id"": ""07a9478e87a8304fc3267fa16e83e9f3bbd98b27__entity_000070"", ""label"": ""Metric"", ""text"": ""Complexity"", ""start_char"": 446, ""end_char"": 456, ""source_token_start"": 1514, ""source_token_end_exclusive"": 1515}, {""entity_id"": ""07a9478e87a8304fc3267fa16e83e9f3bbd98b27__entity_000071"", ""label"": ""Method"", ""text"": ""LSTMs"", ""start_char"": 460, ""end_char"": 465, ""source_token_start"": 1516, ""source_token_end_exclusive"": 1517}]"
087337fdad69caaab8ebd8ae68a731c5bf2e8b14__sent_000057_000110,087337fdad69caaab8ebd8ae68a731c5bf2e8b14,dev,long,53,6785,117,3,"Dense prediction with convnets Several recent works have applied convnets to dense prediction problems, including semantic segmentation by Ning et al., Farabet et al., and Pinheiro and Collobert; boundary prediction for electron microscopy by Ciresan et al. and for natural images by a hybrid convnet/nearest neighbor model by Ganin and Lempitsky; and image restoration and depth estimation by Eigen et al.. Common elements of these approaches include small models restricting capacity and receptive ","[{""entity_id"": ""087337fdad69caaab8ebd8ae68a731c5bf2e8b14__entity_000118"", ""label"": ""Task"", ""text"": ""Dense prediction"", ""start_char"": 0, ""end_char"": 16, ""source_token_start"": 1198, ""source_token_end_exclusive"": 1200}, {""entity_id"": ""087337fdad69caaab8ebd8ae68a731c5bf2e8b14__entity_000119"", ""label"": ""Method"", ""text"": ""convnets"", ""start_char"": 22, ""end_char"": 30, ""source_token_start"": 1201, ""source_token_end_exclusive"": 1202}, {""entity_id"": ""087337fdad69caaab8ebd8ae68a731c5bf2e8b14__entity_000120"", ""label"": ""Method"", ""text"": ""convnets"", ""start_char"": 65, ""end_char"": 73, ""source_token_start"": 1207, ""source_token_end_exclusive"": 1208}, {""entity_id"": ""087337fdad69caaab8ebd8ae68a731c5bf2e8b14__entity_000121"", ""label"": ""Task"", ""text"": ""dense prediction problems"", ""start_char"": 77, ""end_char"": 102, ""source_token_start"": 1209, ""source_token_end_exclusive"": 1212}, {""entity_id"": ""087337fdad69caaab8ebd8ae68a731c5bf2e8b14__entity_000122"", ""label"": ""Task"", ""text"": ""semantic segmentation"", ""start_char"": 114, ""end_char"": 135, ""source_token_start"": 1214, ""source_token_end_exclusive"": 1216}]"
097851f362667a599208f4a06fa289dac2e91fbe__sent_000019_000119,097851f362667a599208f4a06fa289dac2e91fbe,dev,long,100,12557,102,8,"Predictive Sparse Decomposition (PSD) is a successful variant of sparse coding, which uses a predictor to approximate the sparse representation and solves the sparse coding computationally expensive encoding step. In this paper, we aim to solve some of the above-mentioned problems. We propose a meta-parameter free, off-the-shelf, simple and fast approach, which exploits a new way of optimizing for a sparsity, without explicitly modeling the data distribution. The method iteratively builds an ide","[{""entity_id"": ""097851f362667a599208f4a06fa289dac2e91fbe__entity_000023"", ""label"": ""Method"", ""text"": ""Predictive Sparse Decomposition"", ""start_char"": 0, ""end_char"": 31, ""source_token_start"": 378, ""source_token_end_exclusive"": 381}, {""entity_id"": ""097851f362667a599208f4a06fa289dac2e91fbe__entity_000024"", ""label"": ""Method"", ""text"": ""PSD"", ""start_char"": 33, ""end_char"": 36, ""source_token_start"": 382, ""source_token_end_exclusive"": 383}, {""entity_id"": ""097851f362667a599208f4a06fa289dac2e91fbe__entity_000025"", ""label"": ""Method"", ""text"": ""sparse coding"", ""start_char"": 65, ""end_char"": 78, ""source_token_start"": 389, ""source_token_end_exclusive"": 391}, {""entity_id"": ""097851f362667a599208f4a06fa289dac2e91fbe__entity_000026"", ""label"": ""Method"", ""text"": ""predictor"", ""start_char"": 93, ""end_char"": 102, ""source_token_start"": 395, ""source_token_end_exclusive"": 396}, {""entity_id"": ""097851f362667a599208f4a06fa289dac2e91fbe__entity_000027"", ""label"": ""Method"", ""text"": ""sparse representation"", ""start_char"": 122, ""end_char"": 143, ""source_token_start"": 399, ""source_token_end_exclusive"": 401}]"
0e6b990f41fc0e7fdd0662f88b5ad024375bd77b__sent_000002_000064,0e6b990f41fc0e7fdd0662f88b5ad024375bd77b,dev,long,62,7733,119,1,"Towards this goal, we propose a clustering based regularization that encourages parsimonious representations. Our k-means style objective is easy to optimize and flexible, supporting various forms of clustering, such as sample clustering, spatial clustering, as well as co-clustering. We demonstrate the effectiveness of our approach on the tasks of unsupervised learning, classification, fine grained categorization, and zero-shot learning. 1 Introduction In recent years, deep neural networks have ","[{""entity_id"": ""0e6b990f41fc0e7fdd0662f88b5ad024375bd77b__entity_000004"", ""label"": ""Method"", ""text"": ""parsimonious representations"", ""start_char"": 80, ""end_char"": 108, ""source_token_start"": 35, ""source_token_end_exclusive"": 37}, {""entity_id"": ""0e6b990f41fc0e7fdd0662f88b5ad024375bd77b__entity_000005"", ""label"": ""Method"", ""text"": ""k-means style objective"", ""start_char"": 114, ""end_char"": 137, ""source_token_start"": 39, ""source_token_end_exclusive"": 44}, {""entity_id"": ""0e6b990f41fc0e7fdd0662f88b5ad024375bd77b__entity_000006"", ""label"": ""Method"", ""text"": ""clustering"", ""start_char"": 200, ""end_char"": 210, ""source_token_start"": 55, ""source_token_end_exclusive"": 56}, {""entity_id"": ""0e6b990f41fc0e7fdd0662f88b5ad024375bd77b__entity_000007"", ""label"": ""Method"", ""text"": ""sample clustering"", ""start_char"": 220, ""end_char"": 237, ""source_token_start"": 59, ""source_token_end_exclusive"": 61}, {""entity_id"": ""0e6b990f41fc0e7fdd0662f88b5ad024375bd77b__entity_000008"", ""label"": ""Method"", ""text"": ""spatial clustering"", ""start_char"": 239, ""end_char"": 257, ""source_token_start"": 62, ""source_token_end_exclusive"": 64}]"
1275125b71b999b7c49bc554c6ec404a764eb299__sent_000052_000190,1275125b71b999b7c49bc554c6ec404a764eb299,dev,long,138,13426,194,15,"We embed multiple building blocks into a larger hierarchical deep CNN. subsection: Category Hierarchy for Visual Recognition In visual recognition, there is a vast literature exploiting category hierarchical structures. For classification with a large number of classes using linear classifiers, a common strategy is to build a hierarchy or taxonomy of classifiers so that the number of classifiers evaluated given a testing image scales sub-linearly in the number of classes. The hierarchy can be ei","[{""entity_id"": ""1275125b71b999b7c49bc554c6ec404a764eb299__entity_000062"", ""label"": ""Task"", ""text"": ""Visual Recognition"", ""start_char"": 106, ""end_char"": 124, ""source_token_start"": 1115, ""source_token_end_exclusive"": 1117}, {""entity_id"": ""1275125b71b999b7c49bc554c6ec404a764eb299__entity_000063"", ""label"": ""Task"", ""text"": ""visual recognition"", ""start_char"": 128, ""end_char"": 146, ""source_token_start"": 1118, ""source_token_end_exclusive"": 1120}, {""entity_id"": ""1275125b71b999b7c49bc554c6ec404a764eb299__entity_000064"", ""label"": ""Task"", ""text"": ""classification"", ""start_char"": 224, ""end_char"": 238, ""source_token_start"": 1132, ""source_token_end_exclusive"": 1133}, {""entity_id"": ""1275125b71b999b7c49bc554c6ec404a764eb299__entity_000065"", ""label"": ""Method"", ""text"": ""linear classifiers"", ""start_char"": 276, ""end_char"": 294, ""source_token_start"": 1140, ""source_token_end_exclusive"": 1142}, {""entity_id"": ""1275125b71b999b7c49bc554c6ec404a764eb299__entity_000066"", ""label"": ""Method"", ""text"": ""taxonomy of classifiers"", ""start_char"": 341, ""end_char"": 364, ""source_token_start"": 1152, ""source_token_end_exclusive"": 1155}]"
12806c298e01083a79db77927530367d85939907__sent_000077_000172,12806c298e01083a79db77927530367d85939907,dev,long,95,11875,116,7,"Then, after converting the fully connected layer, which would have produced a single final feature vector, to a convolutional layer, a grid of final feature vectors is produced. Each of the resulting feature vectors represents a slightly different context view location within the original pixel space. To determine the stride of this window in pixel space, it is possible to simply multiply the strides on each convolutional or pool layer together. The network we used has a stride size of pixels. E","[{""entity_id"": ""12806c298e01083a79db77927530367d85939907__entity_000155"", ""label"": ""Method"", ""text"": ""fully connected layer"", ""start_char"": 27, ""end_char"": 48, ""source_token_start"": 1936, ""source_token_end_exclusive"": 1939}, {""entity_id"": ""12806c298e01083a79db77927530367d85939907__entity_000156"", ""label"": ""Method"", ""text"": ""convolutional layer"", ""start_char"": 112, ""end_char"": 131, ""source_token_start"": 1952, ""source_token_end_exclusive"": 1954}, {""entity_id"": ""12806c298e01083a79db77927530367d85939907__entity_000157"", ""label"": ""Method"", ""text"": ""convolutional or pool layer"", ""start_char"": 412, ""end_char"": 439, ""source_token_start"": 2004, ""source_token_end_exclusive"": 2008}, {""entity_id"": ""12806c298e01083a79db77927530367d85939907__entity_000158"", ""label"": ""Method"", ""text"": ""regression"", ""start_char"": 680, ""end_char"": 690, ""source_token_start"": 2055, ""source_token_end_exclusive"": 2056}, {""entity_id"": ""12806c298e01083a79db77927530367d85939907__entity_000159"", ""label"": ""Method"", ""text"": ""classifier"", ""start_char"": 696, ""end_char"": 706, ""source_token_start"": 2058, ""source_token_end_exclusive"": 2059}]"
0496691c6d54fd746c111d1004349acf7654145e__sent_000135_000336,0496691c6d54fd746c111d1004349acf7654145e,dev,very_long,201,19439,190,14,"This closely matches the intuitive argument in the beginning of this section. Note that when K (p gen) is a constant, the objective function (1) simplifies to: which is very similar to the EBGAN objective [reference] (2) and (4)). As we show in appendix A.2, compared to the objective in (8), the EBGAN objective puts extra constraints on the allowed discriminator function. In spite of that, the EBGAN objective suffers from the single-training-signal problem and does not guarantee that the discrim","[{""entity_id"": ""0496691c6d54fd746c111d1004349acf7654145e__entity_000111"", ""label"": ""Method"", ""text"": ""EBGAN objective"", ""start_char"": 397, ""end_char"": 412, ""source_token_start"": 2731, ""source_token_end_exclusive"": 2733}, {""entity_id"": ""0496691c6d54fd746c111d1004349acf7654145e__entity_000112"", ""label"": ""Task"", ""text"": ""single-training-signal problem"", ""start_char"": 430, ""end_char"": 460, ""source_token_start"": 2736, ""source_token_end_exclusive"": 2742}, {""entity_id"": ""0496691c6d54fd746c111d1004349acf7654145e__entity_000113"", ""label"": ""Method"", ""text"": ""discriminator"", ""start_char"": 493, ""end_char"": 506, ""source_token_start"": 2748, ""source_token_end_exclusive"": 2749}, {""entity_id"": ""0496691c6d54fd746c111d1004349acf7654145e__entity_000114"", ""label"": ""Method"", ""text"": ""generator"", ""start_char"": 774, ""end_char"": 783, ""source_token_start"": 2802, ""source_token_end_exclusive"": 2803}, {""entity_id"": ""0496691c6d54fd746c111d1004349acf7654145e__entity_000115"", ""label"": ""Method"", ""text"": ""discriminator"", ""start_char"": 826, ""end_char"": 839, ""source_token_start"": 2811, ""source_token_end_exclusive"": 2812}]"
0680f04750b1e257ffdd161e85382031dc73ea7f__sent_000009_000210,0680f04750b1e257ffdd161e85382031dc73ea7f,dev,very_long,201,24550,245,9,"Different from the above two assumptions for RCQA, in the real-world QA scenario, people may ask questions about both entities (factoid) and non-entities such as explanations and reasons (non-factoid) (see Table [reference] for examples). In this regard, RCQA has the potential to complement other QA approaches that leverage structured data (e.g., knowledge bases) for both the above question types. This is because RCQA can exploit the textual evidences to ensure increased answer coverage, which i","[{""entity_id"": ""0680f04750b1e257ffdd161e85382031dc73ea7f__entity_000021"", ""label"": ""Task"", ""text"": ""RCQA"", ""start_char"": 45, ""end_char"": 49, ""source_token_start"": 260, ""source_token_end_exclusive"": 261}, {""entity_id"": ""0680f04750b1e257ffdd161e85382031dc73ea7f__entity_000022"", ""label"": ""Task"", ""text"": ""real-world QA scenario"", ""start_char"": 58, ""end_char"": 80, ""source_token_start"": 264, ""source_token_end_exclusive"": 269}, {""entity_id"": ""0680f04750b1e257ffdd161e85382031dc73ea7f__entity_000023"", ""label"": ""Task"", ""text"": ""RCQA"", ""start_char"": 255, ""end_char"": 259, ""source_token_start"": 308, ""source_token_end_exclusive"": 309}, {""entity_id"": ""0680f04750b1e257ffdd161e85382031dc73ea7f__entity_000024"", ""label"": ""Method"", ""text"": ""QA approaches"", ""start_char"": 298, ""end_char"": 311, ""source_token_start"": 315, ""source_token_end_exclusive"": 317}, {""entity_id"": ""0680f04750b1e257ffdd161e85382031dc73ea7f__entity_000025"", ""label"": ""Task"", ""text"": ""RCQA"", ""start_char"": 417, ""end_char"": 421, ""source_token_start"": 337, ""source_token_end_exclusive"": 338}]"
0690ba31424310a90028533218d0afd25a829c8d__sent_000015_000216,0690ba31424310a90028533218d0afd25a829c8d,dev,very_long,201,26033,309,21,"There are two technical hurdles in the application of DCNNs to image labeling tasks: signal downsampling, and spatial ‘ insensitivity ’ (invariance). The first problem relates to the reduction of signal resolution incurred by the repeated combination of max-pooling and downsampling (‘ striding ’) performed at every layer of standard DCNNs KrizhevskyNIPS2013, simonyan2014very, szegedy2014going. Instead, as in papandreou2014untangling, we employ the ‘ atrous ’ (with holes) algorithm originally dev","[{""entity_id"": ""0690ba31424310a90028533218d0afd25a829c8d__entity_000044"", ""label"": ""Method"", ""text"": ""DCNNs"", ""start_char"": 54, ""end_char"": 59, ""source_token_start"": 451, ""source_token_end_exclusive"": 452}, {""entity_id"": ""0690ba31424310a90028533218d0afd25a829c8d__entity_000045"", ""label"": ""Task"", ""text"": ""image labeling tasks"", ""start_char"": 63, ""end_char"": 83, ""source_token_start"": 453, ""source_token_end_exclusive"": 456}, {""entity_id"": ""0690ba31424310a90028533218d0afd25a829c8d__entity_000046"", ""label"": ""Task"", ""text"": ""signal downsampling"", ""start_char"": 85, ""end_char"": 104, ""source_token_start"": 457, ""source_token_end_exclusive"": 459}, {""entity_id"": ""0690ba31424310a90028533218d0afd25a829c8d__entity_000047"", ""label"": ""Task"", ""text"": ""reduction of signal resolution"", ""start_char"": 183, ""end_char"": 213, ""source_token_start"": 475, ""source_token_end_exclusive"": 479}, {""entity_id"": ""0690ba31424310a90028533218d0afd25a829c8d__entity_000048"", ""label"": ""Method"", ""text"": ""max-pooling"", ""start_char"": 254, ""end_char"": 265, ""source_token_start"": 485, ""source_token_end_exclusive"": 488}]"
088b649415378c4dde666f614ba24d08a36b6652__sent_000019_000220,088b649415378c4dde666f614ba24d08a36b6652,dev,very_long,201,24934,314,13,"In practice, however, sequence-level networks are met with at least three challenges. The first one concerns model training problems associated with vanishing and exploding gradients, which can be partially ameliorated with gated activation functions, such as the Long Short-Term Memory (LSTM), and gradient clipping. The second issue relates to memory compression problems. As the input sequence gets compressed and blended into a single dense vector, sufficiently large memory capacity is required ","[{""entity_id"": ""088b649415378c4dde666f614ba24d08a36b6652__entity_000031"", ""label"": ""Method"", ""text"": ""sequence-level networks"", ""start_char"": 22, ""end_char"": 45, ""source_token_start"": 436, ""source_token_end_exclusive"": 440}, {""entity_id"": ""088b649415378c4dde666f614ba24d08a36b6652__entity_000032"", ""label"": ""Task"", ""text"": ""model training problems"", ""start_char"": 109, ""end_char"": 132, ""source_token_start"": 452, ""source_token_end_exclusive"": 455}, {""entity_id"": ""088b649415378c4dde666f614ba24d08a36b6652__entity_000033"", ""label"": ""Task"", ""text"": ""vanishing and exploding gradients"", ""start_char"": 149, ""end_char"": 182, ""source_token_start"": 457, ""source_token_end_exclusive"": 461}, {""entity_id"": ""088b649415378c4dde666f614ba24d08a36b6652__entity_000034"", ""label"": ""Method"", ""text"": ""gated activation functions"", ""start_char"": 224, ""end_char"": 250, ""source_token_start"": 468, ""source_token_end_exclusive"": 471}, {""entity_id"": ""088b649415378c4dde666f614ba24d08a36b6652__entity_000035"", ""label"": ""Method"", ""text"": ""gradient clipping"", ""start_char"": 299, ""end_char"": 316, ""source_token_start"": 485, ""source_token_end_exclusive"": 487}]"
0910a4c470a410fac446f4026f7c8ef512ae7427__sent_000070_000271,0910a4c470a410fac446f4026f7c8ef512ae7427,dev,very_long,201,16695,138,12,"We begin by introducing the notation used in this paper. To ease understanding, our full model is described in parts. First, our hierarchical question representation is described in Sec. [reference] and the proposed co-attention mechanism is then described in Sec. [reference]. Finally, Sec. [reference] shows how to recursively combine the attended question and image features to output answers. subsection: Notation Given a question with words, its representation is denoted by, where is the featur","[{""entity_id"": ""0910a4c470a410fac446f4026f7c8ef512ae7427__entity_000102"", ""label"": ""Method"", ""text"": ""hierarchical question representation"", ""start_char"": 129, ""end_char"": 165, ""source_token_start"": 1398, ""source_token_end_exclusive"": 1401}, {""entity_id"": ""0910a4c470a410fac446f4026f7c8ef512ae7427__entity_000103"", ""label"": ""Method"", ""text"": ""co-attention mechanism"", ""start_char"": 216, ""end_char"": 238, ""source_token_start"": 1412, ""source_token_end_exclusive"": 1416}, {""entity_id"": ""0910a4c470a410fac446f4026f7c8ef512ae7427__entity_000104"", ""label"": ""Method"", ""text"": ""1-hot encoding"", ""start_char"": 1049, ""end_char"": 1063, ""source_token_start"": 1573, ""source_token_end_exclusive"": 1577}, {""entity_id"": ""0910a4c470a410fac446f4026f7c8ef512ae7427__entity_000105"", ""label"": ""Method"", ""text"": ""1-D convolution"", ""start_char"": 1199, ""end_char"": 1214, ""source_token_start"": 1610, ""source_token_end_exclusive"": 1614}, {""entity_id"": ""0910a4c470a410fac446f4026f7c8ef512ae7427__entity_000106"", ""label"": ""Method"", ""text"": ""filters"", ""start_char"": 1335, ""end_char"": 1342, ""source_token_start"": 1637, ""source_token_end_exclusive"": 1638}]"
0b0dc14b8a8dcccbfc62a38355fff2f6a361e9d2__sent_000002_000203,0b0dc14b8a8dcccbfc62a38355fff2f6a361e9d2,dev,very_long,201,22840,298,17,"Different context words have different influences on determining the sentiment polarity of a sentence towards the target. Therefore, it is desirable to integrate the connections between target word and context words when building a learning system. In this paper, we develop two target dependent long short-term memory (LSTM) models, where target information is automatically taken into account. We evaluate our methods on a benchmark dataset from Twitter. Empirical results show that modeling senten","[{""entity_id"": ""0b0dc14b8a8dcccbfc62a38355fff2f6a361e9d2__entity_000003"", ""label"": ""Method"", ""text"": ""learning system"", ""start_char"": 232, ""end_char"": 247, ""source_token_start"": 70, ""source_token_end_exclusive"": 72}, {""entity_id"": ""0b0dc14b8a8dcccbfc62a38355fff2f6a361e9d2__entity_000004"", ""label"": ""Method"", ""text"": ""target dependent long short-term memory"", ""start_char"": 279, ""end_char"": 318, ""source_token_start"": 80, ""source_token_end_exclusive"": 87}, {""entity_id"": ""0b0dc14b8a8dcccbfc62a38355fff2f6a361e9d2__entity_000005"", ""label"": ""Method"", ""text"": ""LSTM"", ""start_char"": 320, ""end_char"": 324, ""source_token_start"": 88, ""source_token_end_exclusive"": 89}, {""entity_id"": ""0b0dc14b8a8dcccbfc62a38355fff2f6a361e9d2__entity_000006"", ""label"": ""Method"", ""text"": ""sentence representation"", ""start_char"": 494, ""end_char"": 517, ""source_token_start"": 117, ""source_token_end_exclusive"": 119}, {""entity_id"": ""0b0dc14b8a8dcccbfc62a38355fff2f6a361e9d2__entity_000007"", ""label"": ""Method"", ""text"": ""LSTM"", ""start_char"": 532, ""end_char"": 536, ""source_token_start"": 121, ""source_token_end_exclusive"": 122}]"
0b4b6932d5df74b366d9235b40334bc40d719c72__sent_000083_000284,0b4b6932d5df74b366d9235b40334bc40d719c72,dev,very_long,201,23217,208,16,"αZ i + (1 − α) z i, where α is a momentum term that controls how far the ensemble reaches into training history. Because of dropout regularization and stochastic augmentation, Z thus contains a weighted average of the outputs of an ensemble of networks f from previous training epochs, with recent epochs having larger weight than distant epochs. For generating the training targetsz, we need to correct for the startup bias in Z by dividing by factor (1 − α t). A similar bias correction has been us","[{""entity_id"": ""0b4b6932d5df74b366d9235b40334bc40d719c72__entity_000089"", ""label"": ""Method"", ""text"": ""dropout regularization"", ""start_char"": 124, ""end_char"": 146, ""source_token_start"": 1686, ""source_token_end_exclusive"": 1688}, {""entity_id"": ""0b4b6932d5df74b366d9235b40334bc40d719c72__entity_000090"", ""label"": ""Method"", ""text"": ""stochastic augmentation"", ""start_char"": 151, ""end_char"": 174, ""source_token_start"": 1689, ""source_token_end_exclusive"": 1691}, {""entity_id"": ""0b4b6932d5df74b366d9235b40334bc40d719c72__entity_000091"", ""label"": ""Method"", ""text"": ""bias correction"", ""start_char"": 473, ""end_char"": 488, ""source_token_start"": 1751, ""source_token_end_exclusive"": 1753}, {""entity_id"": ""0b4b6932d5df74b366d9235b40334bc40d719c72__entity_000092"", ""label"": ""Method"", ""text"": ""mean-only batch normalization"", ""start_char"": 529, ""end_char"": 558, ""source_token_start"": 1764, ""source_token_end_exclusive"": 1769}, {""entity_id"": ""0b4b6932d5df74b366d9235b40334bc40d719c72__entity_000093"", ""label"": ""Method"", ""text"": ""Temporal ensembling pseudocode"", ""start_char"": 795, ""end_char"": 825, ""source_token_start"": 1821, ""source_token_end_exclusive"": 1824}]"
0c5c93594647d77dcbad5f3ed71139b186a23a3c__sent_000027_000228,0c5c93594647d77dcbad5f3ed71139b186a23a3c,dev,very_long,201,23988,262,19,"we investigate two different methods to fill the source side of monolingual training instances: using a dummy source sentence, and using a source sentence obtained via backtranslation, which we call synthetic. We find that the latter is more effective. • we successfully adapt NMT models to a new domain by fine-tuning with either monolingual or parallel in-domain data. section: Neural Machine Translation We follow the neural machine translation architecture by [reference], which we will briefly s","[{""entity_id"": ""0c5c93594647d77dcbad5f3ed71139b186a23a3c__entity_000055"", ""label"": ""Method"", ""text"": ""monolingual training"", ""start_char"": 64, ""end_char"": 84, ""source_token_start"": 623, ""source_token_end_exclusive"": 625}, {""entity_id"": ""0c5c93594647d77dcbad5f3ed71139b186a23a3c__entity_000056"", ""label"": ""Method"", ""text"": ""backtranslation"", ""start_char"": 168, ""end_char"": 183, ""source_token_start"": 640, ""source_token_end_exclusive"": 641}, {""entity_id"": ""0c5c93594647d77dcbad5f3ed71139b186a23a3c__entity_000057"", ""label"": ""Method"", ""text"": ""NMT models"", ""start_char"": 277, ""end_char"": 287, ""source_token_start"": 660, ""source_token_end_exclusive"": 662}, {""entity_id"": ""0c5c93594647d77dcbad5f3ed71139b186a23a3c__entity_000058"", ""label"": ""Method"", ""text"": ""monolingual"", ""start_char"": 331, ""end_char"": 342, ""source_token_start"": 672, ""source_token_end_exclusive"": 673}, {""entity_id"": ""0c5c93594647d77dcbad5f3ed71139b186a23a3c__entity_000059"", ""label"": ""Task"", ""text"": ""Neural Machine Translation"", ""start_char"": 380, ""end_char"": 406, ""source_token_start"": 682, ""source_token_end_exclusive"": 685}]"
